Model_ID,Cell_line_Name,COSMIC_ID,TCGA_Classfication,Tissue,Tissue_subtype
SIDM00003,M14,905975,SKCM,skin,melanoma
SIDM00023,TE-12,946356,ESCA,aero_digestive_tract,oesophagus
SIDM00042,PL4,1298533,PAAD,pancreas,pancreas
SIDM00043,PCI-4B,1298531,HNSC,aero_digestive_tract,head_and_neck
SIDM00044,PCI-30,1298529,HNSC,aero_digestive_tract,head_and_neck
SIDM00045,HSC-39,1322224,STAD,digestive_system,stomach
SIDM00046,H3255,1247873,LUAD,lung,lung_NSCLC_adenocarcinoma
SIDM00047,EMC-BAC-2,1503370,LUAD,lung,lung_NSCLC_adenocarcinoma
SIDM00048,EMC-BAC-1,1503369,LUAD,lung,lung_NSCLC_adenocarcinoma
SIDM00052,HCE-4,753559,ESCA,aero_digestive_tract,oesophagus
SIDM00053,MZ1-PC,753595,PAAD,pancreas,pancreas
SIDM00056,K5,924238,THCA,thyroid,thyroid
SIDM00064,HLE,907057,LIHC,digestive_system,liver
SIDM00077,BICR10,1290724,HNSC,aero_digestive_tract,head_and_neck
SIDM00078,BICR31,1290725,HNSC,aero_digestive_tract,head_and_neck
SIDM00079,SK-OV-3,905959,OV,urogenital_system,ovary
SIDM00080,SK-MEL-5,905956,SKCM,skin,melanoma
SIDM00081,SK-MEL-28,905954,SKCM,skin,melanoma
SIDM00082,SK-MEL-2,905955,SKCM,skin,melanoma
SIDM00083,SF539,905984,LGG,nervous_system,glioma
SIDM00084,SF295,905985,GBM,nervous_system,glioma
SIDM00085,SF268,905986,GBM,nervous_system,glioma
SIDM00086,RXF393,905978,KIRC,kidney,kidney
SIDM00087,RPMI-8226,905964,MM,blood,myeloma
SIDM00088,PC-3,905934,PRAD,urogenital_system,prostate
SIDM00090,OVCAR-8,905991,OV,urogenital_system,ovary
SIDM00091,OVCAR-5,905969,OV,urogenital_system,ovary
SIDM00092,OVCAR-4,905990,OV,urogenital_system,ovary
SIDM00094,SN12C,905979,KIRC,kidney,kidney
SIDM00095,SNB75,905982,GBM,nervous_system,glioma
SIDM00096,SR,905965,UNCLASSIFIED,blood,lymphoid_neoplasm_other
SIDM00097,T47D,905945,BRCA,breast,breast
SIDM00105,OVCAR-3,905933,OV,urogenital_system,ovary
SIDM00107,UACC-62,905976,SKCM,skin,melanoma
SIDM00108,UACC-257,905977,SKCM,skin,melanoma
SIDM00111,U251,905983,GBM,nervous_system,glioma
SIDM00112,U031,905981,KIRC,kidney,kidney
SIDM00113,TK10,905980,KIRC,kidney,kidney
SIDM00115,PCI-6A,1240206,HNSC,aero_digestive_tract,head_and_neck
SIDM00116,NCI-H522,905944,LUAD,lung,lung_NSCLC_adenocarcinoma
SIDM00117,NCI-H322M,905967,LUAD,lung,lung_NSCLC_adenocarcinoma
SIDM00118,HCC2998,905971,COREAD,digestive_system,large_intestine
SIDM00119,EKVX,905970,LUAD,lung,lung_NSCLC_adenocarcinoma
SIDM00120,DU-145,905935,PRAD,urogenital_system,prostate
SIDM00121,CCRF-CEM,905952,ALL,blood,lymphoblastic_leukemia
SIDM00122,BT-549,905951,BRCA,breast,breast
SIDM00123,ACHN,905950,KIRC,kidney,kidney
SIDM00124,A498,905948,KIRC,kidney,kidney
SIDM00125,786-0,905947,KIRC,kidney,kidney
SIDM00127,JHU-022,1240162,HNSC,aero_digestive_tract,head_and_neck
SIDM00128,JHU-011,1240161,HNSC,aero_digestive_tract,head_and_neck
SIDM00129,G-MEL,1240130,SKCM,skin,melanoma
SIDM00130,CFPAC-1,906821,PAAD,pancreas,pancreas
SIDM00132,BxPC-3,906693,PAAD,pancreas,pancreas
SIDM00134,HOP-92,905973,UNCLASSIFIED,lung,lung_NSCLC_large_cell
SIDM00135,Hs-578-T,905957,BRCA,breast,breast
SIDM00136,HT-29,905939,COREAD,digestive_system,large_intestine
SIDM00137,NCI-H3122,1240190,LUAD,lung,lung_NSCLC_adenocarcinoma
SIDM00138,NCI-H23,905942,LUAD,lung,lung_NSCLC_adenocarcinoma
SIDM00139,NCI-H226,905941,LUSC,lung,lung_NSCLC_squamous_cell_carcinoma
SIDM00140,COLO-792,906814,SKCM,skin,melanoma
SIDM00142,COLO-684,910691,UCEC,urogenital_system,endometrium
SIDM00143,COLO-668,910692,SCLC,lung,lung_small_cell_carcinoma
SIDM00145,MOLT-4,905958,ALL,blood,lymphoblastic_leukemia
SIDM00146,MDA-MB-231,905960,BRCA,breast,breast
SIDM00148,MCF7,905946,BRCA,breast,breast
SIDM00149,LOXIMVI,905974,SKCM,skin,melanoma
SIDM00150,KM12,905989,COREAD,digestive_system,large_intestine
SIDM00151,IGROV-1,905968,OV,urogenital_system,ovary
SIDM00156,NB7,949174,NB,nervous_system,neuroblastoma
SIDM00172,BB30-HNC,753531,HNSC,aero_digestive_tract,head_and_neck
SIDM00174,BB49-HNC,753532,HNSC,aero_digestive_tract,head_and_neck
SIDM00175,CP50-MEL-B,753545,SKCM,skin,melanoma
SIDM00176,CHSA8926,1303912,UNCLASSIFIED,bone,chondrosarcoma
SIDM00179,MZ2-MEL,971777,SKCM,skin,melanoma
SIDM00180,LB996-RCC,753585,KIRC,kidney,kidney
SIDM00181,LB831-BLC,753584,BLCA,urogenital_system,bladder
SIDM00182,LB771-HNC,753583,HNSC,aero_digestive_tract,head_and_neck
SIDM00183,LB647-SCLC,753582,SCLC,lung,lung_small_cell_carcinoma
SIDM00184,LB373-MEL-D,753581,SKCM,skin,melanoma
SIDM00185,LB2518-MEL,753579,SKCM,skin,melanoma
SIDM00186,LB2241-RCC,753578,KIRC,kidney,kidney
SIDM00187,LB1047-RCC,753577,KIRC,kidney,kidney
SIDM00188,HA7-RCC,753558,KIRC,kidney,kidney
SIDM00190,CP66-MEL,753546,SKCM,skin,melanoma
SIDM00191,BB65-RCC,753533,KIRC,kidney,kidney
SIDM00193,SNU-81,1660036,COREAD,digestive_system,large_intestine
SIDM00194,SNU-61,1660035,COREAD,digestive_system,large_intestine
SIDM00195,EW-24,949168,UNCLASSIFIED,bone,ewings_sarcoma
SIDM00196,EW-22,949167,UNCLASSIFIED,bone,ewings_sarcoma
SIDM00197,EW-18,949164,UNCLASSIFIED,bone,ewings_sarcoma
SIDM00198,EW-16,949165,UNCLASSIFIED,bone,ewings_sarcoma
SIDM00199,CS1,1290795,UNCLASSIFIED,bone,bone_other
SIDM00200,EW-12,949162,UNCLASSIFIED,bone,ewings_sarcoma
SIDM00201,EW-7,949160,UNCLASSIFIED,bone,ewings_sarcoma
SIDM00202,EW-3,949161,UNCLASSIFIED,bone,ewings_sarcoma
SIDM00203,EW-11,684062,UNCLASSIFIED,bone,ewings_sarcoma
SIDM00206,D-566MG,946377,GBM,nervous_system,glioma
SIDM00207,D-542MG,753549,GBM,nervous_system,glioma
SIDM00208,D-502MG,946373,LGG,nervous_system,glioma
SIDM00210,A2780,906804,UNCLASSIFIED,urogenital_system,ovary
SIDM00211,ALL-PO,910944,ALL,blood,lymphoblastic_leukemia
SIDM00212,CAS-1,910943,GBM,nervous_system,glioma
SIDM00213,FTC-133,906864,THCA,thyroid,thyroid
SIDM00214,SNU-407,1660034,COREAD,digestive_system,large_intestine
SIDM00216,SNU-175,1659928,COREAD,digestive_system,large_intestine
SIDM00217,SNU-1040,1659823,COREAD,digestive_system,large_intestine
SIDM00218,RO82-W-1,930083,THCA,thyroid,thyroid
SIDM00220,OC-314,909257,OV,urogenital_system,ovary
SIDM00222,MPP-89,908150,MESO,lung,mesothelioma
SIDM00223,IST-SL1,753564,SCLC,lung,lung_small_cell_carcinoma
SIDM00224,IST-MES1,907173,MESO,lung,mesothelioma
SIDM00225,IST-MEL1,907172,SKCM,skin,melanoma
SIDM00227,GI-ME-N,906872,NB,nervous_system,neuroblastoma
SIDM00230,IST-SL2,753565,SCLC,lung,lung_small_cell_carcinoma
SIDM00231,NCC010,1509073,KIRC,kidney,kidney
SIDM00232,NCC021,1509074,KIRC,kidney,kidney
SIDM00233,ATN-1,910687,ALL,blood,lymphoblastic_T_cell_leukaemia
SIDM00234,TC-YIK,946357,UNCLASSIFIED,urogenital_system,cervix
SIDM00235,RCC10RGB,909974,KIRC,kidney,kidney
SIDM00237,PC-14,753608,LUAD,lung,lung_NSCLC_adenocarcinoma
SIDM00238,OVK-18,1480371,OV,urogenital_system,ovary
SIDM00239,OS-RC-2,909250,KIRC,kidney,kidney
SIDM00241,OCUB-M,909256,BRCA,breast,breast
SIDM00242,NOS-1,925345,UNCLASSIFIED,bone,osteosarcoma
SIDM00243,NEC8,910942,UNCLASSIFIED,urogenital_system,testis
SIDM00244,NB69,908440,NB,nervous_system,neuroblastoma
SIDM00245,MS-1,753594,SCLC,lung,lung_small_cell_carcinoma
SIDM00247,MKN45,925340,STAD,digestive_system,stomach
SIDM00249,TE-15,753614,ESCA,aero_digestive_tract,oesophagus
SIDM00250,TE-4,1503371,ESCA,aero_digestive_tract,oesophagus
SIDM00251,TGBC11TKB,909770,STAD,digestive_system,stomach
SIDM00252,TGBC1TKB,909769,UNCLASSIFIED,digestive_system,biliary_tract
SIDM00253,NB6,949173,NB,nervous_system,neuroblastoma
SIDM00254,NB5,949176,NB,nervous_system,neuroblastoma
SIDM00255,NB17,949175,NB,nervous_system,neuroblastoma
SIDM00256,NB14,949178,NB,nervous_system,neuroblastoma
SIDM00257,NB13,949177,NB,nervous_system,neuroblastoma
SIDM00258,NB12,949172,NB,nervous_system,neuroblastoma
SIDM00259,NB10,949171,NB,nervous_system,neuroblastoma
SIDM00260,MKN28,908139,STAD,digestive_system,stomach
SIDM00261,ES8,949155,UNCLASSIFIED,bone,ewings_sarcoma
SIDM00263,ES5,684057,UNCLASSIFIED,bone,ewings_sarcoma
SIDM00264,ES4,949156,UNCLASSIFIED,bone,ewings_sarcoma
SIDM00266,ES1,949158,UNCLASSIFIED,bone,ewings_sarcoma
SIDM00267,TGBC24TKB,910695,UNCLASSIFIED,digestive_system,biliary_tract
SIDM00269,ES7,684059,UNCLASSIFIED,bone,ewings_sarcoma
SIDM00270,PCI-15A,1240204,HNSC,aero_digestive_tract,head_and_neck
SIDM00271,MKN1,908138,UNCLASSIFIED,digestive_system,stomach
SIDM00272,MDA-MB-453,908122,BRCA,breast,breast
SIDM00273,GI-1,906871,LGG,nervous_system,glioma
SIDM00274,GCIY,906869,STAD,digestive_system,stomach
SIDM00276,ETK-1,906861,UNCLASSIFIED,digestive_system,biliary_tract
SIDM00277,EoL-1-cell,906856,UNCLASSIFIED,blood,haematopoietic_neoplasm_other
SIDM00278,EC-GI-10,753555,ESCA,aero_digestive_tract,oesophagus
SIDM00279,ECC12,906849,UNCLASSIFIED,digestive_system,stomach
SIDM00280,ECC10,906848,UNCLASSIFIED,digestive_system,stomach
SIDM00281,DJM-1,906841,UNCLASSIFIED,skin,skin_other
SIDM00282,CW-2,910554,COREAD,digestive_system,large_intestine
SIDM00283,CTB-1,949088,DLBC,blood,B_cell_lymphoma
SIDM00284,COLO-679,906818,SKCM,skin,melanoma
SIDM00285,CHP-134,910941,NB,nervous_system,neuroblastoma
SIDM00286,CHP-126,910567,NB,nervous_system,neuroblastoma
SIDM00287,BALL-1,910705,UNCLASSIFIED,blood,B_cell_leukemia
SIDM00289,HAL-01,949153,ALL,blood,lymphoblastic_leukemia
SIDM00290,HGC-27,907055,STAD,digestive_system,stomach
SIDM00291,HMV-II,907058,SKCM,skin,melanoma
SIDM00292,LU-165,753589,SCLC,lung,lung_small_cell_carcinoma
SIDM00293,LU-139,713878,SCLC,lung,lung_small_cell_carcinoma
SIDM00294,LU-135,713899,SCLC,lung,lung_small_cell_carcinoma
SIDM00296,LU-134-A,753588,SCLC,lung,lung_small_cell_carcinoma
SIDM00297,LC-2-ad,907786,LUAD,lung,lung_NSCLC_adenocarcinoma
SIDM00299,MFH-ino,925343,UNCLASSIFIED,soft_tissue,soft_tissue_other
SIDM00301,KP-4,753572,PAAD,pancreas,pancreas
SIDM00302,KGN,924186,UNCLASSIFIED,urogenital_system,ovary
SIDM00303,JHOS-4,1480359,OV,urogenital_system,ovary
SIDM00304,JHOS-3,1480358,OV,urogenital_system,ovary
SIDM00305,JHOS-2,1479995,OV,urogenital_system,ovary
SIDM00306,IA-LM,910779,UNCLASSIFIED,lung,lung_NSCLC_large_cell
SIDM00308,KU812,907311,LCML,blood,chronic_myeloid_leukaemia
SIDM00312,L-363,924239,MM,blood,myeloma
SIDM00313,L-1236,1330935,UNCLASSIFIED,blood,Hodgkin_lymphoma
SIDM00315,YKG-1,687592,GBM,nervous_system,glioma
SIDM00316,YH-13,909905,GBM,nervous_system,glioma
SIDM00317,VMRC-RCZ,909781,KIRC,kidney,kidney
SIDM00321,TYK-nu,909774,UNCLASSIFIED,urogenital_system,ovary
SIDM00322,T-T,1299064,ESCA,aero_digestive_tract,oesophagus
SIDM00323,TK,1331045,DLBC,blood,B_cell_lymphoma
SIDM00324,TGW,910780,NB,nervous_system,neuroblastoma
SIDM00325,TE-9,946353,ESCA,aero_digestive_tract,oesophagus
SIDM00326,TE-8,753623,ESCA,aero_digestive_tract,oesophagus
SIDM00327,L-428,907322,UNCLASSIFIED,blood,Hodgkin_lymphoma
SIDM00328,TE-6,946355,ESCA,aero_digestive_tract,oesophagus
SIDM00329,L-540,907323,UNCLASSIFIED,blood,Hodgkin_lymphoma
SIDM00330,LAN-6,949170,NB,nervous_system,neuroblastoma
SIDM00331,MHH-CALL-2,908132,UNCLASSIFIED,blood,B_cell_leukemia
SIDM00332,MFM-223,910948,BRCA,breast,breast
SIDM00333,MFE-319,1240174,UCEC,urogenital_system,endometrium
SIDM00334,MFE-296,908130,UCEC,urogenital_system,endometrium
SIDM00335,MFE-280,908129,UCEC,urogenital_system,endometrium
SIDM00336,MEL-JUSO,908125,SKCM,skin,melanoma
SIDM00337,MEL-HO,908124,SKCM,skin,melanoma
SIDM00338,ME-1,1330942,LAML,blood,acute_myeloid_leukaemia
SIDM00339,LXF-289,753592,LUAD,lung,lung_NSCLC_adenocarcinoma
SIDM00340,LP-1,907791,MM,blood,myeloma
SIDM00341,LOU-NH91,1298226,LUSC,lung,lung_NSCLC_squamous_cell_carcinoma
SIDM00342,LOUCY,907789,ALL,blood,lymphoblastic_T_cell_leukaemia
SIDM00343,LN-405,910694,GBM,nervous_system,glioma
SIDM00344,LCLC-97TM1,946361,UNCLASSIFIED,lung,lung_NSCLC_large_cell
SIDM00345,LCLC-103H,753586,UNCLASSIFIED,lung,lung_NSCLC_large_cell
SIDM00346,LAMA-84,907783,LCML,blood,chronic_myeloid_leukaemia
SIDM00347,TE-5,735784,ESCA,aero_digestive_tract,oesophagus
SIDM00348,TE-11,946354,ESCA,aero_digestive_tract,oesophagus
SIDM00349,TE-10,753622,ESCA,aero_digestive_tract,oesophagus
SIDM00350,SAT,1299050,HNSC,aero_digestive_tract,head_and_neck
SIDM00352,RMG-I,909699,UNCLASSIFIED,urogenital_system,ovary
SIDM00353,RKN,1298539,UNCLASSIFIED,urogenital_system,ovary
SIDM00354,RERF-LC-Sq1,1298538,LUSC,lung,lung_NSCLC_squamous_cell_carcinoma
SIDM00355,RERF-LC-MS,910931,LUAD,lung,lung_NSCLC_adenocarcinoma
SIDM00356,RERF-LC-KJ,1298537,LUAD,lung,lung_NSCLC_adenocarcinoma
SIDM00358,RERF-GC-1B,1240209,STAD,digestive_system,stomach
SIDM00359,RCM-1,909263,COREAD,digestive_system,large_intestine
SIDM00360,QGP-1,1298534,UNCLASSIFIED,pancreas,pancreas
SIDM00362,P32-ISH,1330987,UNCLASSIFIED,blood,Burkitt_lymphoma
SIDM00363,P31-FUJ,909253,LAML,blood,acute_myeloid_leukaemia
SIDM00364,P30-OHK,909252,ALL,blood,lymphoblastic_leukemia
SIDM00365,SBC-1,713885,SCLC,lung,lung_small_cell_carcinoma
SIDM00367,SBC-3,753610,SCLC,lung,lung_small_cell_carcinoma
SIDM00368,SBC-5,713880,SCLC,lung,lung_small_cell_carcinoma
SIDM00369,TE-1,753621,ESCA,aero_digestive_tract,oesophagus
SIDM00371,SUIT-2,1240219,PAAD,pancreas,pancreas
SIDM00373,SNG-M,909735,UCEC,urogenital_system,endometrium
SIDM00374,SLVL,1331032,DLBC,blood,B_cell_lymphoma
SIDM00375,SKN-3,1299059,HNSC,aero_digestive_tract,head_and_neck
SIDM00377,SKN,1240215,UNCLASSIFIED,urogenital_system,uterus
SIDM00379,SK-MG-1,909729,GBM,nervous_system,glioma
SIDM00380,SKM-1,909722,UNCLASSIFIED,blood,haematopoietic_neoplasm_other
SIDM00381,SKG-IIIa,930298,CESC,urogenital_system,cervix
SIDM00382,SF126,909712,GBM,nervous_system,glioma
SIDM00383,SCH,909711,UNCLASSIFIED,digestive_system,stomach
SIDM00384,SCC-3,910930,DLBC,blood,B_cell_lymphoma
SIDM00387,MHH-NB-11,908135,NB,nervous_system,neuroblastoma
SIDM00388,MHH-PREB-1,908136,UNCLASSIFIED,blood,B_cell_leukemia
SIDM00389,SU-DHL-10,1331033,DLBC,blood,B_cell_lymphoma
SIDM00390,SU-DHL-1,909742,UNCLASSIFIED,blood,anaplastic_large_cell_lymphoma
SIDM00391,SK-MM-2,753612,MM,blood,myeloma
SIDM00392,SK-MEL-30,909726,SKCM,skin,melanoma
SIDM00393,SK-GT-2,1503364,STAD,digestive_system,stomach
SIDM00394,SISO,1240212,CESC,urogenital_system,cervix
SIDM00395,SIMA,753620,NB,nervous_system,neuroblastoma
SIDM00396,SIG-M5,909715,LAML,blood,acute_myeloid_leukaemia
SIDM00401,RVH-421,909706,SKCM,skin,melanoma
SIDM00402,RT-112,909704,BLCA,urogenital_system,bladder
SIDM00403,RPMI-8402,909702,ALL,blood,lymphoblastic_T_cell_leukaemia
SIDM00404,SU-DHL-16,1331034,DLBC,blood,B_cell_lymphoma
SIDM00405,SU-DHL-4,1331035,DLBC,blood,B_cell_lymphoma
SIDM00406,SU-DHL-5,1331036,DLBC,blood,B_cell_lymphoma
SIDM00407,SU-DHL-6,1331037,DLBC,blood,B_cell_lymphoma
SIDM00410,YT,946358,ALL,blood,lymphoid_neoplasm_other
SIDM00411,YAPC,909904,PAAD,pancreas,pancreas
SIDM00412,WSU-NHL,909785,UNCLASSIFIED,blood,lymphoid_neoplasm_other
SIDM00413,WSU-DLCL2,1331050,DLBC,blood,B_cell_lymphoma
SIDM00415,ROS-50,1331025,UNCLASSIFIED,blood,B_cell_leukemia
SIDM00416,VAL,1331048,DLBC,blood,B_cell_lymphoma
SIDM00417,U-266,753615,MM,blood,myeloma
SIDM00418,TT2609-C02,1240223,THCA,thyroid,thyroid
SIDM00419,TC-71,1240221,UNCLASSIFIED,bone,ewings_sarcoma
SIDM00420,SW1710,909749,BLCA,urogenital_system,bladder
SIDM00421,SUP-M2,1331040,UNCLASSIFIED,blood,anaplastic_large_cell_lymphoma
SIDM00422,SUP-HD1,1331039,UNCLASSIFIED,blood,Hodgkin_lymphoma
SIDM00423,SU-DHL-8,1331038,DLBC,blood,B_cell_lymphoma
SIDM00424,U-698-M,909777,UNCLASSIFIED,blood,B_cell_leukemia
SIDM00425,OVTOKO,1298365,OV,urogenital_system,ovary
SIDM00426,RH-41,1240210,UNCLASSIFIED,soft_tissue,rhabdomyosarcoma
SIDM00427,RH-1,971773,UNCLASSIFIED,soft_tissue,rhabdomyosarcoma
SIDM00429,NALM-6,908158,UNCLASSIFIED,blood,B_cell_leukemia
SIDM00431,MOLT-16,908147,ALL,blood,lymphoblastic_T_cell_leukaemia
SIDM00433,MOLT-13,908146,ALL,blood,lymphoblastic_T_cell_leukaemia
SIDM00434,MOLP-8,1330950,MM,blood,myeloma
SIDM00437,MOLM-13,1330947,LAML,blood,acute_myeloid_leukaemia
SIDM00438,MN-60,908143,UNCLASSIFIED,blood,B_cell_leukemia
SIDM00441,ML-2,908141,LAML,blood,acute_myeloid_leukaemia
SIDM00442,ML-1,1240178,THCA,thyroid,thyroid
SIDM00443,NU-DUL-1,1330982,DLBC,blood,B_cell_lymphoma
SIDM00444,OACM5-1,1503363,ESCA,aero_digestive_tract,oesophagus
SIDM00445,OACp4C,1503362,ESCA,aero_digestive_tract,oesophagus
SIDM00446,OCI-AML2,910947,LAML,blood,acute_myeloid_leukaemia
SIDM00447,REH,909696,UNCLASSIFIED,blood,B_cell_leukemia
SIDM00448,RC-K8,1330995,DLBC,blood,B_cell_lymphoma
SIDM00449,RCH-ACV,1330994,UNCLASSIFIED,blood,B_cell_leukemia
SIDM00450,PL-21,1330991,LAML,blood,acute_myeloid_leukaemia
SIDM00451,PF-382,909260,ALL,blood,lymphoblastic_T_cell_leukaemia
SIDM00453,PA-TU-8988T,1240201,PAAD,pancreas,pancreas
SIDM00454,RH-18,971774,UNCLASSIFIED,soft_tissue,rhabdomyosarcoma
SIDM00455,PA-TU-8902,1298526,PAAD,pancreas,pancreas
SIDM00457,OPM-2,909249,MM,blood,myeloma
SIDM00458,OCI-M1,1330985,LAML,blood,acute_myeloid_leukaemia
SIDM00460,OCI-LY-19,1330984,DLBC,blood,B_cell_lymphoma
SIDM00461,OCI-AML5,1330983,LAML,blood,acute_myeloid_leukaemia
SIDM00462,OCI-AML3,1290455,LAML,blood,acute_myeloid_leukaemia
SIDM00463,P12-ICHIKAWA,909251,ALL,blood,lymphoblastic_T_cell_leukaemia
SIDM00465,OVMIU,1240200,OV,urogenital_system,ovary
SIDM00466,OVKATE,1240199,OV,urogenital_system,ovary
SIDM00467,QIMR-WIL,910545,LAML,blood,acute_myeloid_leukaemia
SIDM00469,PSN1,910546,PAAD,pancreas,pancreas
SIDM00472,PEO1,1480372,OV,urogenital_system,ovary
SIDM00474,OV-7,1480360,OV,urogenital_system,ovary
SIDM00475,OV-56,1480362,OV,urogenital_system,ovary
SIDM00476,OV-17R,1480361,OV,urogenital_system,ovary
SIDM00477,OE33,910549,ESCA,aero_digestive_tract,oesophagus
SIDM00478,OE21,1298359,ESCA,aero_digestive_tract,oesophagus
SIDM00479,OE19,910079,ESCA,aero_digestive_tract,oesophagus
SIDM00480,OAW-42,910548,OV,urogenital_system,ovary
SIDM00481,OAW-28,946360,OV,urogenital_system,ovary
SIDM00482,RPMI-8866,910544,LCML,blood,chronic_myeloid_leukaemia
SIDM00483,SK-GT-4,1503365,ESCA,aero_digestive_tract,oesophagus
SIDM00484,TT,930299,THCA,thyroid,thyroid
SIDM00485,BICR22,1240121,HNSC,aero_digestive_tract,head_and_neck
SIDM00486,EBC-1,753554,LUSC,lung,lung_NSCLC_squamous_cell_carcinoma
SIDM00487,CCK-81,1240123,COREAD,digestive_system,large_intestine
SIDM00488,CaR-1,924108,COREAD,digestive_system,large_intestine
SIDM00489,Ca9-22,753538,HNSC,aero_digestive_tract,head_and_neck
SIDM00490,Becker,906746,GBM,nervous_system,glioma
SIDM00491,ASH-3,1290722,THCA,thyroid,thyroid
SIDM00492,AM-38,910933,GBM,nervous_system,glioma
SIDM00493,NCI-H292,753604,UNCLASSIFIED,lung,lung_NSCLC_adenocarcinoma
SIDM00494,ABC-1,906791,LUAD,lung,lung_NSCLC_adenocarcinoma
SIDM00495,A3-KAW,910935,DLBC,blood,B_cell_lymphoma
SIDM00496,HTC-C3,924151,THCA,thyroid,thyroid
SIDM00498,SNU-C5,1674021,COREAD,digestive_system,large_intestine
SIDM00499,22RV1,924100,PRAD,urogenital_system,prostate
SIDM00501,BICR78,1240122,HNSC,aero_digestive_tract,head_and_neck
SIDM00502,A4-Fuk,910934,DLBC,blood,B_cell_lymphoma
SIDM00503,FU97,1290806,STAD,digestive_system,stomach
SIDM00504,MOG-G-UVW,908145,LGG,nervous_system,glioma
SIDM00505,MIA-PaCa-2,724870,PAAD,pancreas,pancreas
SIDM00506,COR-L88,906808,SCLC,lung,lung_small_cell_carcinoma
SIDM00507,COR-L321,1322213,UNCLASSIFIED,lung,lung_other
SIDM00508,COR-L32,1322212,SCLC,lung,lung_small_cell_carcinoma
SIDM00509,COR-L311,687980,SCLC,lung,lung_small_cell_carcinoma
SIDM00510,COR-L303,1297438,SCLC,lung,lung_small_cell_carcinoma
SIDM00511,COR-L279,910937,SCLC,lung,lung_small_cell_carcinoma
SIDM00512,COR-L23,687780,UNCLASSIFIED,lung,lung_NSCLC_large_cell
SIDM00513,COR-L105,906805,LUAD,lung,lung_NSCLC_adenocarcinoma
SIDM00515,COLO-800,906813,SKCM,skin,melanoma
SIDM00516,MZ7-mel,753596,SKCM,skin,melanoma
SIDM00522,DMS-273,687985,SCLC,lung,lung_small_cell_carcinoma
SIDM00523,DMS-53,907295,SCLC,lung,lung_small_cell_carcinoma
SIDM00524,DMS-79,753551,SCLC,lung,lung_small_cell_carcinoma
SIDM00525,MG-63,908131,UNCLASSIFIED,bone,osteosarcoma
SIDM00526,MEG-01,908126,LCML,blood,chronic_myeloid_leukaemia
SIDM00527,MDST8,1240173,COREAD,digestive_system,large_intestine
SIDM00528,MDA-MB-361,908121,BRCA,breast,breast
SIDM00529,MDA-MB-157,925338,BRCA,breast,breast
SIDM00530,KYAE-1,1503368,ESCA,aero_digestive_tract,oesophagus
SIDM00531,HuP-T4,907286,PAAD,pancreas,pancreas
SIDM00532,MOG-G-CCM,908144,LGG,nervous_system,glioma
SIDM00533,HuP-T3,907285,PAAD,pancreas,pancreas
SIDM00534,HT-115,907289,COREAD,digestive_system,large_intestine
SIDM00535,H-EMC-SS,907290,UNCLASSIFIED,bone,chondrosarcoma
SIDM00537,GP5d,907291,COREAD,digestive_system,large_intestine
SIDM00538,ESO51,1503367,ESCA,aero_digestive_tract,oesophagus
SIDM00539,ESO26,1503366,ESCA,aero_digestive_tract,oesophagus
SIDM00540,DOK,910936,HNSC,aero_digestive_tract,head_and_neck
SIDM00541,HT55,907287,COREAD,digestive_system,large_intestine
SIDM00542,D-392MG,946370,GBM,nervous_system,glioma
SIDM00543,GAK,910932,SKCM,skin,melanoma
SIDM00544,GOTO,906875,NB,nervous_system,neuroblastoma
SIDM00545,Mewo,908128,SKCM,skin,melanoma
SIDM00547,LU-65,724863,UNCLASSIFIED,lung,lung_NSCLC_large_cell
SIDM00548,LK-2,687787,LUSC,lung,lung_NSCLC_squamous_cell_carcinoma
SIDM00549,LC4-1,907787,ALL,blood,lymphoblastic_leukemia
SIDM00550,KYSE-50,1298222,ESCA,aero_digestive_tract,oesophagus
SIDM00551,KYSE-220,1240167,ESCA,aero_digestive_tract,oesophagus
SIDM00552,KYM-1,1240166,UNCLASSIFIED,soft_tissue,rhabdomyosarcoma
SIDM00553,KY821,907300,LAML,blood,leukemia
SIDM00554,KURAMOCHI,909975,UNCLASSIFIED,urogenital_system,ovary
SIDM00555,KS-1,907313,GBM,nervous_system,glioma
SIDM00556,KP-N-YN,907314,NB,nervous_system,neuroblastoma
SIDM00560,MKN7,924250,STAD,digestive_system,stomach
SIDM00561,MLMA,908142,UNCLASSIFIED,blood,hairy_cell_leukaemia
SIDM00562,MRK-nu-1,908151,BRCA,breast,breast
SIDM00564,OVISE,1240198,OV,urogenital_system,ovary
SIDM00565,OSC-20,1240196,HNSC,aero_digestive_tract,head_and_neck
SIDM00566,OSC-19,1298362,HNSC,aero_digestive_tract,head_and_neck
SIDM00567,ONS-76,909248,MB,nervous_system,medulloblastoma
SIDM00568,OCUM-1,1298358,STAD,digestive_system,stomach
SIDM00569,NY,910849,UNCLASSIFIED,bone,osteosarcoma
SIDM00570,NUGC-4,1298357,STAD,digestive_system,stomach
SIDM00571,KP-3,1298219,UNCLASSIFIED,pancreas,pancreas
SIDM00572,NUGC-3,908455,STAD,digestive_system,stomach
SIDM00573,no-11,908450,LGG,nervous_system,glioma
SIDM00574,no-10,908452,LGG,nervous_system,glioma
SIDM00575,NMC-G1,908449,LGG,nervous_system,glioma
SIDM00576,NKM-1,908448,LAML,blood,acute_myeloid_leukaemia
SIDM00577,NH-12,908447,NB,nervous_system,neuroblastoma
SIDM00578,NB1,949179,NB,nervous_system,neuroblastoma
SIDM00579,NB(TU)1-10,1240181,NB,nervous_system,neuroblastoma
SIDM00580,NOMO-1,908451,LAML,blood,acute_myeloid_leukaemia
SIDM00581,GB-1,687568,GBM,nervous_system,glioma
SIDM00583,KP-1N,1298216,PAAD,pancreas,pancreas
SIDM00584,HuO-3N1,909977,UNCLASSIFIED,bone,osteosarcoma
SIDM00585,HuH-7,907071,LIHC,digestive_system,liver
SIDM00586,huH-1,1298146,LIHC,digestive_system,liver
SIDM00587,HuCCT1,907069,UNCLASSIFIED,digestive_system,biliary_tract
SIDM00588,HSC-4,907062,HNSC,aero_digestive_tract,head_and_neck
SIDM00589,HSC-3,907061,HNSC,aero_digestive_tract,head_and_neck
SIDM00590,HSC-2,753562,HNSC,aero_digestive_tract,head_and_neck
SIDM00591,HO-1-u-1,753561,HNSC,aero_digestive_tract,head_and_neck
SIDM00592,HO-1-N-1,924111,HNSC,aero_digestive_tract,head_and_neck
SIDM00594,HEL,907053,LAML,blood,acute_myeloid_leukaemia
SIDM00596,HEC-1,907051,UCEC,urogenital_system,endometrium
SIDM00598,HARA,1240142,LUSC,lung,lung_NSCLC_squamous_cell_carcinoma
SIDM00599,HuO9,907072,UNCLASSIFIED,bone,osteosarcoma
SIDM00600,IHH-4,1240154,THCA,thyroid,thyroid
SIDM00602,IM-95,1240155,STAD,digestive_system,stomach
SIDM00603,KOSC-2,753570,HNSC,aero_digestive_tract,head_and_neck
SIDM00604,KON,1298215,HNSC,aero_digestive_tract,head_and_neck
SIDM00606,KNS-62,753569,LUSC,lung,lung_NSCLC_squamous_cell_carcinoma
SIDM00607,KNS-42,907282,LGG,nervous_system,glioma
SIDM00609,KMRC-20,1298169,KIRC,kidney,kidney
SIDM00611,KMRC-1,1298168,KIRC,kidney,kidney
SIDM00612,KINGS-1,907279,LGG,nervous_system,glioma
SIDM00613,KALS-1,907271,LGG,nervous_system,glioma
SIDM00614,JHH-7,1240160,LIHC,digestive_system,liver
SIDM00615,JHH-6,1240159,LIHC,digestive_system,liver
SIDM00618,JHH-1,1298151,LIHC,digestive_system,liver
SIDM00620,D-336MG,946369,LGG,nervous_system,glioma
SIDM00621,EW-13,949166,UNCLASSIFIED,bone,ewings_sarcoma
SIDM00622,D-247MG,946367,GBM,nervous_system,glioma
SIDM00623,Mo-T,908149,UNCLASSIFIED,blood,hairy_cell_leukaemia
SIDM00625,MES-SA,908127,UNCLASSIFIED,urogenital_system,uterus
SIDM00627,ME-180,687514,CESC,urogenital_system,cervix
SIDM00628,MDA-MB-468,908123,BRCA,breast,breast
SIDM00629,MDA-MB-436,1240172,BRCA,breast,breast
SIDM00630,MDA-MB-415,924240,BRCA,breast,breast
SIDM00631,MDA-MB-330,1330941,BRCA,breast,breast
SIDM00632,IM-9,753563,MM,blood,myeloma
SIDM00637,MC116,907799,DLBC,blood,B_cell_lymphoma
SIDM00638,MS751,1240179,CESC,urogenital_system,cervix
SIDM00640,MSTO-211H,908152,MESO,lung,mesothelioma
SIDM00641,NAMALWA,908159,UNCLASSIFIED,blood,Burkitt_lymphoma
SIDM00645,NCI-H1355,724866,LUAD,lung,lung_NSCLC_adenocarcinoma
SIDM00646,NCI-H1341,1330964,SCLC,lung,lung_small_cell_carcinoma
SIDM00649,NCI-H1299,724831,UNCLASSIFIED,lung,lung_NSCLC_large_cell
SIDM00651,NCI-H1155,908467,UNCLASSIFIED,lung,lung_NSCLC_large_cell
SIDM00652,NCI-H1105,908468,SCLC,lung,lung_small_cell_carcinoma
SIDM00653,NCI-H1092,687997,SCLC,lung,lung_small_cell_carcinoma
SIDM00654,NCI-H1048,687995,SCLC,lung,lung_small_cell_carcinoma
SIDM00657,MV-4-11,908156,UNCLASSIFIED,blood,leukemia
SIDM00658,NCI-H1435,1298347,LUAD,lung,lung_NSCLC_adenocarcinoma
SIDM00659,M059J,949094,GBM,nervous_system,glioma
SIDM00660,LS-411N,907794,COREAD,digestive_system,large_intestine
SIDM00662,Hs-940-T,1298145,SKCM,skin,melanoma
SIDM00664,Hs-766T,1298141,PAAD,pancreas,pancreas
SIDM00666,Hs-683,1240150,LGG,nervous_system,glioma
SIDM00668,Hs-445,1322218,UNCLASSIFIED,blood,Hodgkin_lymphoma
SIDM00669,HPAF-II,724869,PAAD,pancreas,pancreas
SIDM00670,HPAC,1298136,PAAD,pancreas,pancreas
SIDM00671,HH,907056,UNCLASSIFIED,blood,T_cell_leukemia
SIDM00672,Hep3B2-1-7,1240147,LIHC,digestive_system,liver
SIDM00673,HCC70,907048,BRCA,breast,breast
SIDM00675,HCC38,749717,BRCA,breast,breast
SIDM00676,HT-1197,907065,BLCA,urogenital_system,bladder
SIDM00677,LS-513,907795,COREAD,digestive_system,large_intestine
SIDM00678,HT-1376,907066,BLCA,urogenital_system,bladder
SIDM00679,HT-3,907068,CESC,urogenital_system,cervix
SIDM00680,LS-180,998189,COREAD,digestive_system,large_intestine
SIDM00683,LNCaP-Clone-FGC,907788,PRAD,urogenital_system,prostate
SIDM00684,LN-229,1240169,GBM,nervous_system,glioma
SIDM00685,LN-18,1240168,GBM,nervous_system,glioma
SIDM00686,KLE,924187,UCEC,urogenital_system,endometrium
SIDM00687,KATOIII,907276,STAD,digestive_system,stomach
SIDM00688,JSC-1,1327769,DLBC,blood,B_cell_lymphoma
SIDM00693,J82,753566,BLCA,urogenital_system,bladder
SIDM00694,HuTu-80,907073,UNCLASSIFIED,digestive_system,digestive_system_other
SIDM00695,HT-144,907067,SKCM,skin,melanoma
SIDM00697,NCI-H1436,908469,SCLC,lung,lung_small_cell_carcinoma
SIDM00698,NCI-H146,910899,SCLC,lung,lung_small_cell_carcinoma
SIDM00699,NCI-H2141,688014,SCLC,lung,lung_small_cell_carcinoma
SIDM00700,NCI-H2135,1298352,UNCLASSIFIED,lung,lung_NSCLC_not_specified
SIDM00702,NCI-H2122,722046,LUAD,lung,lung_NSCLC_adenocarcinoma
SIDM00703,NCI-H2110,1298351,UNCLASSIFIED,lung,lung_NSCLC_not_specified
SIDM00704,NCI-H211,1240189,SCLC,lung,lung_small_cell_carcinoma
SIDM00706,NCI-H209,688013,SCLC,lung,lung_small_cell_carcinoma
SIDM00708,NCI-H2087,724834,LUAD,lung,lung_NSCLC_adenocarcinoma
SIDM00709,NCI-H2085,687812,LUAD,lung,lung_NSCLC_adenocarcinoma
SIDM00711,NCI-H2066,1330973,SCLC,lung,lung_small_cell_carcinoma
SIDM00713,NCI-H2052,688058,MESO,lung,mesothelioma
SIDM00715,NCI-H2030,722045,LUAD,lung,lung_NSCLC_adenocarcinoma
SIDM00716,NCI-H2170,687815,LUSC,lung,lung_NSCLC_squamous_cell_carcinoma
SIDM00718,NCI-H358,908465,LUAD,lung,lung_NSCLC_adenocarcinoma
SIDM00719,NCI-H345,688021,SCLC,lung,lung_small_cell_carcinoma
SIDM00720,NCI-H28,908470,MESO,lung,mesothelioma
SIDM00721,NCI-H250,924241,SCLC,lung,lung_small_cell_carcinoma
SIDM00722,NCI-H2452,908462,MESO,lung,mesothelioma
SIDM00723,NCI-H2444,1298356,UNCLASSIFIED,lung,lung_NSCLC_not_specified
SIDM00724,NCI-H2405,687821,LUAD,lung,lung_NSCLC_adenocarcinoma
SIDM00726,NCI-H2347,687820,LUAD,lung,lung_NSCLC_adenocarcinoma
SIDM00727,NCI-H2342,687819,LUAD,lung,lung_NSCLC_adenocarcinoma
SIDM00728,NCI-H2291,724874,LUAD,lung,lung_NSCLC_adenocarcinoma
SIDM00729,NCI-H2228,687816,LUAD,lung,lung_NSCLC_adenocarcinoma
SIDM00730,NCI-H2227,688018,SCLC,lung,lung_small_cell_carcinoma
SIDM00731,NCI-H2196,908481,SCLC,lung,lung_small_cell_carcinoma
SIDM00732,D-263MG,946368,GBM,nervous_system,glioma
SIDM00735,NCI-H2029,688011,SCLC,lung,lung_small_cell_carcinoma
SIDM00737,NCI-H1770,687804,UNCLASSIFIED,lung,lung_NSCLC_not_specified
SIDM00738,NCI-H1755,908475,LUAD,lung,lung_NSCLC_adenocarcinoma
SIDM00739,NCI-H1734,722058,LUAD,lung,lung_NSCLC_adenocarcinoma
SIDM00740,NCI-H1703,908474,UNCLASSIFIED,lung,lung_NSCLC_adenocarcinoma
SIDM00741,NCI-H1694,688006,SCLC,lung,lung_small_cell_carcinoma
SIDM00742,NCI-H1693,687802,LUAD,lung,lung_NSCLC_adenocarcinoma
SIDM00743,NCI-H1666,908473,LUAD,lung,lung_NSCLC_adenocarcinoma
SIDM00744,NCI-H1651,910900,LUAD,lung,lung_NSCLC_adenocarcinoma
SIDM00745,NCI-H1650,687800,LUAD,lung,lung_NSCLC_adenocarcinoma
SIDM00746,NCI-H1648,687799,LUAD,lung,lung_NSCLC_adenocarcinoma
SIDM00747,NCI-H1623,687798,LUAD,lung,lung_NSCLC_adenocarcinoma
SIDM00748,NCI-H1581,908471,UNCLASSIFIED,lung,lung_NSCLC_large_cell
SIDM00749,NCI-H1573,908472,LUAD,lung,lung_NSCLC_adenocarcinoma
SIDM00750,NCI-H1568,1298348,LUAD,lung,lung_NSCLC_adenocarcinoma
SIDM00751,NCI-H1563,753600,LUAD,lung,lung_NSCLC_adenocarcinoma
SIDM00753,NCI-H2023,1240187,LUAD,lung,lung_NSCLC_adenocarcinoma
SIDM00754,NCI-H1781,1298350,LUAD,lung,lung_NSCLC_adenocarcinoma
SIDM00755,NCI-H1793,908463,LUAD,lung,lung_NSCLC_adenocarcinoma
SIDM00756,NCI-H2009,724873,LUAD,lung,lung_NSCLC_adenocarcinoma
SIDM00758,NCI-H1993,908476,LUAD,lung,lung_NSCLC_adenocarcinoma
SIDM00759,NCI-H1975,924244,LUAD,lung,lung_NSCLC_adenocarcinoma
SIDM00760,NCI-H1963,688010,SCLC,lung,lung_small_cell_carcinoma
SIDM00761,NCI-H196,1240186,SCLC,lung,lung_small_cell_carcinoma
SIDM00762,NCI-H1944,1240185,LUAD,lung,lung_NSCLC_adenocarcinoma
SIDM00763,NCI-H1915,1240184,UNCLASSIFIED,lung,lung_NSCLC_large_cell
SIDM00768,NCI-H1869,1240183,LUSC,lung,lung_NSCLC_squamous_cell_carcinoma
SIDM00769,NCI-H1838,687807,LUAD,lung,lung_NSCLC_adenocarcinoma
SIDM00770,NCI-H1836,1240182,SCLC,lung,lung_small_cell_carcinoma
SIDM00771,NCI-H1792,724868,LUAD,lung,lung_NSCLC_adenocarcinoma
SIDM00772,HCC2218,749716,BRCA,breast,breast
SIDM00774,HCC2157,749715,BRCA,breast,breast
SIDM00776,LS-123,907792,COREAD,digestive_system,large_intestine
SIDM00778,NCI-H747,908457,COREAD,digestive_system,large_intestine
SIDM00779,NCI-H716,908458,COREAD,digestive_system,large_intestine
SIDM00781,SNU-C2B,909740,COREAD,digestive_system,large_intestine
SIDM00782,T84,909761,COREAD,digestive_system,large_intestine
SIDM00783,HCT-116,905936,COREAD,digestive_system,large_intestine
SIDM00785,KG-1,907278,LAML,blood,acute_myeloid_leukaemia
SIDM00789,HCT-15,905937,COREAD,digestive_system,large_intestine
SIDM00791,K-562,905940,LCML,blood,chronic_myeloid_leukaemia
SIDM00792,NCI-H1688,1298349,SCLC,lung,lung_small_cell_carcinoma
SIDM00793,EB-3,906847,UNCLASSIFIED,blood,Burkitt_lymphoma
SIDM00794,A388,910697,UNCLASSIFIED,skin,skin_other
SIDM00795,A375,906793,SKCM,skin,melanoma
SIDM00796,A253,906794,UNCLASSIFIED,aero_digestive_tract,head_and_neck
SIDM00797,A2058,906792,SKCM,skin,melanoma
SIDM00798,A204,910784,UNCLASSIFIED,soft_tissue,rhabdomyosarcoma
SIDM00799,A172,687563,GBM,nervous_system,glioma
SIDM00801,A101D,910921,SKCM,skin,melanoma
SIDM00803,769-P,910922,KIRC,kidney,kidney
SIDM00806,HOS,907060,UNCLASSIFIED,bone,osteosarcoma
SIDM00807,5637,687452,BLCA,urogenital_system,bladder
SIDM00808,JiyoyeP-2003,907268,UNCLASSIFIED,blood,Burkitt_lymphoma
SIDM00810,A427,910851,UNCLASSIFIED,lung,lung_NSCLC_not_specified
SIDM00812,SW1417,909747,COREAD,digestive_system,large_intestine
SIDM00813,RPMI-6666,909701,UNCLASSIFIED,blood,Hodgkin_lymphoma
SIDM00814,SW13,909744,ACC,kidney,adrenal_gland
SIDM00816,RCC-MF,1524419,KIRC,kidney,kidney
SIDM00817,RCC-JW,1524416,KIRC,kidney,kidney
SIDM00819,RCC-FG2,1524414,KIRC,kidney,kidney
SIDM00820,RCC-ER,1524417,KIRC,kidney,kidney
SIDM00821,RCC-AB,1524418,KIRC,kidney,kidney
SIDM00826,COLO-205,905961,COREAD,digestive_system,large_intestine
SIDM00828,HT-1080,907064,UNCLASSIFIED,soft_tissue,fibrosarcoma
SIDM00829,HL-60,905938,LAML,blood,acute_myeloid_leukaemia
SIDM00831,Detroit562,906837,HNSC,aero_digestive_tract,head_and_neck
SIDM00832,SW948,909757,COREAD,digestive_system,large_intestine
SIDM00833,SW837,909755,COREAD,digestive_system,large_intestine
SIDM00834,SW1463,909748,COREAD,digestive_system,large_intestine
SIDM00835,SW1116,909746,COREAD,digestive_system,large_intestine
SIDM00837,SW48,909751,COREAD,digestive_system,large_intestine
SIDM00839,LoVo,907790,COREAD,digestive_system,large_intestine
SIDM00842,COLO-320-HSR,910569,COREAD,digestive_system,large_intestine
SIDM00844,Raji,909262,UNCLASSIFIED,blood,Burkitt_lymphoma
SIDM00845,Daudi,906831,UNCLASSIFIED,blood,Burkitt_lymphoma
SIDM00846,HeLa,1298134,CESC,urogenital_system,cervix
SIDM00847,RD,909264,UNCLASSIFIED,soft_tissue,rhabdomyosarcoma
SIDM00848,A673,684052,UNCLASSIFIED,soft_tissue,rhabdomyosarcoma
SIDM00849,A704,910920,KIRC,kidney,kidney
SIDM00850,AGS,906790,STAD,digestive_system,stomach
SIDM00852,H4,907042,LGG,nervous_system,glioma
SIDM00853,GCT,906999,UNCLASSIFIED,soft_tissue,soft_tissue_other
SIDM00854,GA-10,1303896,UNCLASSIFIED,blood,Burkitt_lymphoma
SIDM00855,G-402,907298,UNCLASSIFIED,soft_tissue,soft_tissue_other
SIDM00856,G-401,907299,UNCLASSIFIED,kidney,kidney
SIDM00857,G-361,906865,SKCM,skin,melanoma
SIDM00859,Farage,1297449,DLBC,blood,B_cell_lymphoma
SIDM00860,FADU,906863,HNSC,aero_digestive_tract,head_and_neck
SIDM00861,ES-2,1240128,UNCLASSIFIED,urogenital_system,ovary
SIDM00863,EB2,906846,UNCLASSIFIED,blood,Burkitt_lymphoma
SIDM00864,DoTc2-4510,906843,CESC,urogenital_system,cervix
SIDM00865,DMS-114,687983,SCLC,lung,lung_small_cell_carcinoma
SIDM00866,HCC1143,749710,BRCA,breast,breast
SIDM00867,DBTRG-05MG,906835,GBM,nervous_system,glioma
SIDM00870,HCC202,1290906,BRCA,breast,breast
SIDM00872,HCC1954,749709,BRCA,breast,breast
SIDM00874,HCC1937,749714,BRCA,breast,breast
SIDM00875,HCC1806,907047,UNCLASSIFIED,breast,breast
SIDM00877,HCC1599,749713,BRCA,breast,breast
SIDM00878,HCC1569,907046,BRCA,breast,breast
SIDM00879,HCC1500,1303900,BRCA,breast,breast
SIDM00881,HCC1428,1290905,BRCA,breast,breast
SIDM00882,HCC1419,907045,BRCA,breast,breast
SIDM00884,HCC1395,749712,BRCA,breast,breast
SIDM00885,HCC1187,749711,BRCA,breast,breast
SIDM00886,DB,906832,DLBC,blood,B_cell_lymphoma
SIDM00887,Daoy,906833,MB,nervous_system,medulloblastoma
SIDM00888,D-283MED,906834,MB,nervous_system,medulloblastoma
SIDM00889,C-33-A,687505,CESC,urogenital_system,cervix
SIDM00890,C32,906830,SKCM,skin,melanoma
SIDM00892,BT-483,949093,BRCA,breast,breast
SIDM00893,BT-20,906801,BRCA,breast,breast
SIDM00896,BC-1,910919,DLBC,blood,B_cell_lymphoma
SIDM00898,AU565,910704,BRCA,breast,breast
SIDM00899,AsPC-1,910702,PAAD,pancreas,pancreas
SIDM00900,ARH-77,906765,MM,blood,myeloma
SIDM00901,AN3-CA,910781,UCEC,urogenital_system,endometrium
SIDM00903,A549,905949,LUAD,lung,lung_NSCLC_adenocarcinoma
SIDM00905,C-4-I,687506,CESC,urogenital_system,cervix
SIDM00907,CA46,910703,UNCLASSIFIED,blood,Burkitt_lymphoma
SIDM00909,COLO-829,687448,SKCM,skin,melanoma
SIDM00910,CHP-212,906820,NB,nervous_system,neuroblastoma
SIDM00917,CESS,910688,LAML,blood,acute_myeloid_leukaemia
SIDM00918,Caov-4,949090,OV,urogenital_system,ovary
SIDM00920,CAMA-1,946382,BRCA,breast,breast
SIDM00921,Calu-6,724859,LUAD,lung,lung_NSCLC_adenocarcinoma
SIDM00922,Calu-3,687777,LUAD,lung,lung_NSCLC_adenocarcinoma
SIDM00923,Ca-Ski,906824,CESC,urogenital_system,cervix
SIDM00924,ChaGo-K-1,687596,UNCLASSIFIED,lung,lung_NSCLC_not_specified
SIDM00925,NCI-H441,908460,LUAD,lung,lung_NSCLC_adenocarcinoma
SIDM00926,NCI-H2172,1298353,UNCLASSIFIED,lung,lung_NSCLC_not_specified
SIDM00927,NCI-H510A,753605,SCLC,lung,lung_small_cell_carcinoma
SIDM00928,CAL-85-1,910852,BRCA,breast,breast
SIDM00929,CAL-78,1290765,UNCLASSIFIED,bone,chondrosarcoma
SIDM00930,CAL-72,906827,UNCLASSIFIED,bone,osteosarcoma
SIDM00931,CAL-62,906828,THCA,thyroid,thyroid
SIDM00932,CAL-54,910952,KIRC,kidney,kidney
SIDM00933,CAL-51,910927,BRCA,breast,breast
SIDM00934,CAPAN-1,753624,PAAD,pancreas,pancreas
SIDM00935,CAL-39,924107,CESC,urogenital_system,cervix
SIDM00936,CAL-29,1290730,BLCA,urogenital_system,bladder
SIDM00937,CAL-27,910916,HNSC,aero_digestive_tract,head_and_neck
SIDM00938,CAL-148,924106,BRCA,breast,breast
SIDM00939,CAL-12T,753540,UNCLASSIFIED,lung,lung_NSCLC_not_specified
SIDM00940,CAL-120,906826,BRCA,breast,breast
SIDM00941,CAKI-1,905963,KIRC,kidney,kidney
SIDM00942,CAL-33,753541,HNSC,aero_digestive_tract,head_and_neck
SIDM00943,CAPAN-2,910915,PAAD,pancreas,pancreas
SIDM00944,CL-11,1290769,COREAD,digestive_system,large_intestine
SIDM00946,DND-41,1297446,ALL,blood,T_cell_leukemia
SIDM00947,DK-MG,906839,GBM,nervous_system,glioma
SIDM00948,DG-75,906838,UNCLASSIFIED,blood,Burkitt_lymphoma
SIDM00949,DEL,906836,UNCLASSIFIED,blood,lymphoid_neoplasm_other
SIDM00950,DAN-G,1290797,PAAD,pancreas,pancreas
SIDM00951,CTV-1,753548,LAML,blood,acute_myeloid_leukaemia
SIDM00952,CRO-AP2,906807,DLBC,blood,B_cell_lymphoma
SIDM00953,CPC-N,753547,SCLC,lung,lung_small_cell_carcinoma
SIDM00954,COLO-824,906812,BRCA,breast,breast
SIDM00956,COLO-680N,906817,ESCA,aero_digestive_tract,oesophagus
SIDM00957,COLO-678,910689,COREAD,digestive_system,large_intestine
SIDM00958,CML-T1,910951,LCML,blood,chronic_myeloid_leukaemia
SIDM00961,CADO-ES1,753539,UNCLASSIFIED,bone,ewings_sarcoma
SIDM00962,BV-173,910710,LCML,blood,chronic_myeloid_leukaemia
SIDM00963,BT-474,946359,BRCA,breast,breast
SIDM00964,BPH-1,924105,UNCLASSIFIED,urogenital_system,prostate
SIDM00965,NCI-H446,688023,SCLC,lung,lung_small_cell_carcinoma
SIDM00967,OVCA420,1480364,OV,urogenital_system,ovary
SIDM00970,DSH1,753552,BLCA,urogenital_system,bladder
SIDM00971,ZR-75-30,909907,BRCA,breast,breast
SIDM00973,WM793B,1299081,SKCM,skin,melanoma
SIDM00974,WM35,1299080,SKCM,skin,melanoma
SIDM00975,WM278,1240226,SKCM,skin,melanoma
SIDM00976,WM1552C,1299078,SKCM,skin,melanoma
SIDM00980,23132-87,910924,STAD,digestive_system,stomach
SIDM00981,DOHH-2,906842,DLBC,blood,B_cell_lymphoma
SIDM00983,647-V,906797,BLCA,urogenital_system,bladder
SIDM00985,BL-41,910706,UNCLASSIFIED,blood,Burkitt_lymphoma
SIDM00986,BHY,753535,HNSC,aero_digestive_tract,head_and_neck
SIDM00987,BHT-101,906696,THCA,thyroid,thyroid
SIDM00988,BFTC-909,910698,KIRC,kidney,kidney
SIDM00989,BFTC-905,910926,BLCA,urogenital_system,bladder
SIDM00990,BEN,753534,UNCLASSIFIED,lung,lung_NSCLC_not_specified
SIDM00993,AMO-1,1295741,MM,blood,haematopoietic_neoplasm_other
SIDM00994,ALL-SIL,1295740,ALL,blood,T_cell_leukemia
SIDM00995,A431,910925,UNCLASSIFIED,skin,skin_other
SIDM00996,8505C,924102,THCA,thyroid,thyroid
SIDM00997,8305C,906795,THCA,thyroid,thyroid
SIDM00998,8-MG-BA,687562,GBM,nervous_system,glioma
SIDM00999,639-V,906798,BLCA,urogenital_system,bladder
SIDM01000,WM-115,909784,SKCM,skin,melanoma
SIDM01001,DU-4475,906844,BRCA,breast,breast
SIDM01002,EFM-192A,1290798,BRCA,breast,breast
SIDM01003,KE-37,907277,ALL,blood,lymphoblastic_leukemia
SIDM01004,KCL-22,1330931,LCML,blood,chronic_myeloid_leukaemia
SIDM01005,KASUMI-1,907275,LAML,blood,acute_myeloid_leukaemia
SIDM01006,KARPAS-620,1327775,MM,blood,haematopoietic_neoplasm_other
SIDM01007,KARPAS-45,907272,ALL,blood,lymphoblastic_leukemia
SIDM01008,KARPAS-422,907274,DLBC,blood,B_cell_lymphoma
SIDM01009,KELLY,753618,NB,nervous_system,neuroblastoma
SIDM01010,KARPAS-299,907273,UNCLASSIFIED,blood,anaplastic_large_cell_lymphoma
SIDM01011,KARPAS-1106P,1327773,DLBC,blood,B_cell_lymphoma
SIDM01012,JVM-3,907270,CLL,blood,lymphoid_neoplasm_other
SIDM01013,JVM-2,907269,CLL,blood,lymphoid_neoplasm_other
SIDM01015,JURL-MK1,1327771,LCML,blood,chronic_myeloid_leukaemia
SIDM01016,Jurkat,998184,ALL,blood,T_cell_leukemia
SIDM01017,KARPAS-231,1327774,UNCLASSIFIED,blood,B_cell_leukemia
SIDM01018,KM-H2,909976,UNCLASSIFIED,blood,Hodgkin_lymphoma
SIDM01019,KMOE-2,907280,LAML,blood,acute_myeloid_leukaemia
SIDM01020,KMS-12-BM,907281,MM,blood,myeloma
SIDM01023,MONO-MAC-6,908148,LAML,blood,acute_myeloid_leukaemia
SIDM01024,KYSE-70,753576,ESCA,aero_digestive_tract,oesophagus
SIDM01025,KYSE-520,753575,ESCA,aero_digestive_tract,oesophagus
SIDM01026,KYSE-510,907321,ESCA,aero_digestive_tract,oesophagus
SIDM01027,KYSE-450,907320,ESCA,aero_digestive_tract,oesophagus
SIDM01028,KYSE-410,753574,ESCA,aero_digestive_tract,oesophagus
SIDM01029,KYSE-270,907319,ESCA,aero_digestive_tract,oesophagus
SIDM01030,KYSE-180,907318,ESCA,aero_digestive_tract,oesophagus
SIDM01031,KYSE-150,907317,ESCA,aero_digestive_tract,oesophagus
SIDM01032,KYSE-140,753573,ESCA,aero_digestive_tract,oesophagus
SIDM01033,KU-19-19,907312,BLCA,urogenital_system,bladder
SIDM01034,KOPN-8,1330933,UNCLASSIFIED,blood,B_cell_leukemia
SIDM01036,JJN-3,1327766,MM,blood,haematopoietic_neoplasm_other
SIDM01038,JEKO-1,1327765,DLBC,blood,B_cell_lymphoma
SIDM01039,JAR,907175,UNCLASSIFIED,urogenital_system,urogenital_system_other
SIDM01040,FU-OV-1,1240129,OV,urogenital_system,ovary
SIDM01041,FLO-1,1503361,ESCA,aero_digestive_tract,oesophagus
SIDM01042,EVSA-T,906862,BRCA,breast,breast
SIDM01043,ESS-1,907000,UNCLASSIFIED,urogenital_system,endometrium
SIDM01044,EPLC-272H,753556,LUSC,lung,lung_NSCLC_squamous_cell_carcinoma
SIDM01045,EN,1240127,UCEC,urogenital_system,endometrium
SIDM01047,EM-2,906855,LCML,blood,chronic_myeloid_leukaemia
SIDM01048,EJM,1297447,MM,blood,lymphoid_neoplasm_other
SIDM01051,EFO-27,906852,UNCLASSIFIED,urogenital_system,ovary
SIDM01052,EFO-21,911905,OV,urogenital_system,ovary
SIDM01055,GAMG,906868,LGG,nervous_system,glioma
SIDM01056,EFM-19,906851,BRCA,breast,breast
SIDM01057,GDM-1,906870,LAML,blood,acute_myeloid_leukaemia
SIDM01058,GRANTA-519,1303897,DLBC,blood,B_cell_lymphoma
SIDM01059,IPC-298,907171,SKCM,skin,melanoma
SIDM01060,IGR-1,907169,SKCM,skin,melanoma
SIDM01062,HDQ-P1,1290922,BRCA,breast,breast
SIDM01064,HDLM-2,924110,UNCLASSIFIED,blood,Hodgkin_lymphoma
SIDM01066,IGR-37,1240153,SKCM,skin,melanoma
SIDM01067,HCC-827,1240146,LUAD,lung,lung_NSCLC_adenocarcinoma
SIDM01068,HCC-78,1290908,LUAD,lung,lung_NSCLC_adenocarcinoma
SIDM01069,HCC-44,1240145,LUAD,lung,lung_NSCLC_adenocarcinoma
SIDM01070,HCC-366,1240144,UNCLASSIFIED,lung,lung_NSCLC_not_specified
SIDM01072,HCC-15,1240143,LUSC,lung,lung_NSCLC_squamous_cell_carcinoma
SIDM01073,HC-1,907044,UNCLASSIFIED,blood,hairy_cell_leukaemia
SIDM01076,697,906800,UNCLASSIFIED,blood,lymphoblastic_leukemia
SIDM01077,VCaP,1299075,PRAD,urogenital_system,prostate
SIDM01079,SH-4,909713,SKCM,skin,melanoma
SIDM01080,SCC-9,909709,HNSC,aero_digestive_tract,head_and_neck
SIDM01081,SCC-4,910904,HNSC,aero_digestive_tract,head_and_neck
SIDM01082,SCC-25,910701,HNSC,aero_digestive_tract,head_and_neck
SIDM01083,SCC-15,910911,HNSC,aero_digestive_tract,head_and_neck
SIDM01084,Saos-2,909707,UNCLASSIFIED,bone,osteosarcoma
SIDM01085,RT4,687455,BLCA,urogenital_system,bladder
SIDM01086,RS4-11,909703,ALL,blood,leukemia
SIDM01087,RPMI-7951,910903,SKCM,skin,melanoma
SIDM01089,RL,910861,DLBC,blood,B_cell_lymphoma
SIDM01090,RKO,909698,COREAD,digestive_system,large_intestine
SIDM01092,RF-48,909697,STAD,digestive_system,stomach
SIDM01093,SiHa,930297,CESC,urogenital_system,cervix
SIDM01095,SJRH30,909716,UNCLASSIFIED,soft_tissue,rhabdomyosarcoma
SIDM01096,SK-CO-1,909718,COREAD,digestive_system,large_intestine
SIDM01097,SK-PN-DW,909731,UNCLASSIFIED,bone,ewings_sarcoma
SIDM01098,SK-N-SH,717431,NB,nervous_system,neuroblastoma
SIDM01099,SK-N-FI,688087,NB,nervous_system,neuroblastoma
SIDM01100,SK-N-DZ,688086,NB,nervous_system,neuroblastoma
SIDM01101,SK-N-AS,724828,NB,nervous_system,neuroblastoma
SIDM01102,WIL2-NS,1331049,UNCLASSIFIED,blood,lymphoid_neoplasm_other
SIDM01103,SK-MES-1,909728,LUSC,lung,lung_NSCLC_squamous_cell_carcinoma
SIDM01104,SK-MEL-31,909727,SKCM,skin,melanoma
SIDM01105,SK-MEL-3,909724,SKCM,skin,melanoma
SIDM01106,SK-MEL-24,909725,SKCM,skin,melanoma
SIDM01107,SK-MEL-1,909723,SKCM,skin,melanoma
SIDM01108,SK-LU-1,909721,LUAD,lung,lung_NSCLC_adenocarcinoma
SIDM01109,SK-LMS-1,909720,UNCLASSIFIED,soft_tissue,soft_tissue_other
SIDM01110,SK-HEP-1,909719,LIHC,digestive_system,liver
SIDM01111,SK-ES-1,684072,UNCLASSIFIED,bone,ewings_sarcoma
SIDM01112,SJSA-1,909717,UNCLASSIFIED,bone,bone_other
SIDM01113,SK-UT-1,909732,UNCLASSIFIED,soft_tissue,soft_tissue_other
SIDM01114,PWR-1E,1330993,PRAD,urogenital_system,prostate
SIDM01116,NCI-H810,925341,UNCLASSIFIED,lung,lung_NSCLC_large_cell
SIDM01117,NCI-H748,909194,SCLC,lung,lung_small_cell_carcinoma
SIDM01119,NCI-H727,724855,UNCLASSIFIED,lung,lung_NSCLC_carcinoid
SIDM01120,NCI-H720,687600,UNCLASSIFIED,lung,lung_NSCLC_carcinoid
SIDM01121,NCI-H69,688027,SCLC,lung,lung_small_cell_carcinoma
SIDM01122,NCI-H661,687829,UNCLASSIFIED,lung,lung_NSCLC_large_cell
SIDM01124,NCI-H650,722066,LUAD,lung,lung_NSCLC_adenocarcinoma
SIDM01125,NCI-H647,1240191,UNCLASSIFIED,lung,lung_NSCLC_not_specified
SIDM01126,NCI-H64,688026,SCLC,lung,lung_small_cell_carcinoma
SIDM01127,NCI-H596,908459,UNCLASSIFIED,lung,lung_NSCLC_adenocarcinoma
SIDM01128,NCI-H526,688025,SCLC,lung,lung_small_cell_carcinoma
SIDM01129,NCI-H524,908483,SCLC,lung,lung_small_cell_carcinoma
SIDM01130,NCI-H520,908443,LUSC,lung,lung_NSCLC_squamous_cell_carcinoma
SIDM01131,NCI-H82,688031,SCLC,lung,lung_small_cell_carcinoma
SIDM01132,PFSK-1,683667,MB,nervous_system,medulloblastoma
SIDM01133,NCI-H835,753607,UNCLASSIFIED,lung,lung_NSCLC_carcinoid
SIDM01134,NCI-H841,1240192,SCLC,lung,lung_small_cell_carcinoma
SIDM01135,PANC-10-05,925348,PAAD,pancreas,pancreas
SIDM01136,PANC-08-13,925347,PAAD,pancreas,pancreas
SIDM01137,PANC-04-03,1298476,PAAD,pancreas,pancreas
SIDM01138,PANC-03-27,925346,PAAD,pancreas,pancreas
SIDM01139,PANC-02-03,1298475,PAAD,pancreas,pancreas
SIDM01140,PA-1,909255,UNCLASSIFIED,urogenital_system,ovary
SIDM01141,OV-90,1240197,OV,urogenital_system,ovary
SIDM01144,SNU-5,908445,STAD,digestive_system,stomach
SIDM01146,SNU-1,908444,STAD,digestive_system,stomach
SIDM01147,NCI-N87,908461,STAD,digestive_system,stomach
SIDM01148,NCI-H929,724825,MM,blood,myeloma
SIDM01149,NCI-H847,1240193,SCLC,lung,lung_small_cell_carcinoma
SIDM01150,NCI-H838,910399,LUAD,lung,lung_NSCLC_adenocarcinoma
SIDM01154,SUP-T1,909743,ALL,blood,lymphoblastic_T_cell_leukaemia
SIDM01155,SW1088,909745,GBM,nervous_system,glioma
SIDM01157,SW954,924247,UNCLASSIFIED,urogenital_system,urogenital_system_other
SIDM01159,SW872,909756,UNCLASSIFIED,soft_tissue,soft_tissue_other
SIDM01160,SW780,687457,BLCA,urogenital_system,bladder
SIDM01161,SW982,909759,UNCLASSIFIED,soft_tissue,soft_tissue_other
SIDM01163,SW1573,724878,LUAD,lung,lung_NSCLC_adenocarcinoma
SIDM01164,SW1783,909750,LGG,nervous_system,glioma
SIDM01165,SW1990,910907,PAAD,pancreas,pancreas
SIDM01168,SW626,909753,OV,urogenital_system,ovary
SIDM01169,TOV-21G,1240222,OV,urogenital_system,ovary
SIDM01170,TOV-112D,1299070,OV,urogenital_system,ovary
SIDM01171,T98G,687586,GBM,nervous_system,glioma
SIDM01172,THP-1,909771,LAML,blood,acute_myeloid_leukaemia
SIDM01173,TE-441-T,924248,UNCLASSIFIED,soft_tissue,rhabdomyosarcoma
SIDM01174,SW756,724839,CESC,urogenital_system,cervix
SIDM01175,SW684,909754,UNCLASSIFIED,soft_tissue,fibrosarcoma
SIDM01176,SUP-B15,1247871,ALL,blood,lymphoblastic_leukemia
SIDM01177,SUP-B8,910209,UNCLASSIFIED,blood,B_cell_leukemia
SIDM01178,SW962,909758,UNCLASSIFIED,urogenital_system,urogenital_system_other
SIDM01179,VA-ES-BJ,688121,UNCLASSIFIED,soft_tissue,soft_tissue_other
SIDM01180,SNU-387,909736,LIHC,digestive_system,liver
SIDM01181,SNU-398,1240217,LIHC,digestive_system,liver
SIDM01182,UM-UC-3,724838,BLCA,urogenital_system,bladder
SIDM01183,UMC-11,909779,UNCLASSIFIED,lung,lung_NSCLC_carcinoid
SIDM01186,UACC-893,909778,BRCA,breast,breast
SIDM01187,UACC-812,910910,BRCA,breast,breast
SIDM01188,SU8686,1240218,PAAD,pancreas,pancreas
SIDM01189,U-87-MG,687590,GBM,nervous_system,glioma
SIDM01190,TCCSUP,687459,BLCA,urogenital_system,bladder
SIDM01191,U-2-OS,909776,UNCLASSIFIED,bone,osteosarcoma
SIDM01193,U-118-MG,687588,GBM,nervous_system,glioma
SIDM01194,SNU-449,909738,LIHC,digestive_system,liver
SIDM01197,SNU-C1,910905,COREAD,digestive_system,large_intestine
SIDM01198,ST486,910906,UNCLASSIFIED,blood,Burkitt_lymphoma
SIDM01199,SNU-423,909737,LIHC,digestive_system,liver
SIDM01205,TUR,909773,DLBC,blood,B_cell_lymphoma
SIDM01206,IMR-5,907170,NB,nervous_system,neuroblastoma
SIDM01210,KNS-81-FD,924188,LGG,nervous_system,glioma
SIDM01218,JEG-3,907176,UNCLASSIFIED,urogenital_system,urogenital_system_other
SIDM01220,LNZTA3WT4,1240170,GBM,nervous_system,glioma
SIDM01228,CHL-1,910853,SKCM,skin,melanoma
SIDM01229,BE2-M17,753616,NB,nervous_system,neuroblastoma
SIDM01233,C2BBe1,910700,COREAD,digestive_system,large_intestine
SIDM01237,C3A,910850,LIHC,digestive_system,liver
SIDM01240,451Lu,1287706,SKCM,skin,melanoma
SIDM01242,MMAc-SF,925339,SKCM,skin,melanoma
SIDM01245,BE-13,906763,ALL,blood,lymphoblastic_leukemia
SIDM01247,Ramos-2G6-4C10,910401,UNCLASSIFIED,blood,Burkitt_lymphoma
SIDM01248,CGTH-W-1,910568,THCA,thyroid,thyroid
SIDM01251,H9,907043,UNCLASSIFIED,blood,lymphoid_neoplasm_other
SIDM01259,GR-ST,906877,ALL,blood,lymphoblastic_leukemia
SIDM01265,MM1S,1659818,MM,blood,myeloma
